,Symbol,Listing_date
0,AAPL,1980-12-12
1,MSFT,1986-03-13
2,AMZN,1997-05-15
3,NVDA,1999-01-22
4,GOOGL,2004-08-19
5,META,2012-05-18
6,TSLA,2010-06-29
7,GOOG,2004-08-19
8,AVGO,2009-08-06
9,ADBE,1986-08-13
10,COST,1986-07-09
11,ASML,1995-03-15
12,CSCO,1990-02-16
13,PEP,1980-01-02
14,AZN,1993-05-12
15,CMCSA,1980-03-17
16,AMD,1980-03-17
17,TMUS,2007-04-19
18,NFLX,2002-05-23
19,INTC,1980-03-17
20,AMGN,1983-06-17
21,INTU,1993-03-12
22,PDD,2018-07-26
23,TXN,1980-01-02
24,SNY,2002-07-01
25,QCOM,1991-12-13
26,HON,1980-01-02
27,AMAT,1980-03-17
28,BKNG,1999-03-31
29,SBUX,1992-06-26
30,ADP,1980-03-17
31,GILD,1992-01-22
32,VRTX,1991-07-24
33,ISRG,2000-06-16
34,REGN,1991-04-02
35,LRCX,1984-05-04
36,ADI,1980-03-17
37,MDLZ,2001-06-13
39,PANW,2012-07-20
40,CME,2002-12-06
41,MU,1984-06-01
42,SNPS,1992-02-26
43,ATVI,1993-10-25
44,EQIX,2000-08-11
45,NTES,2000-06-30
46,CDNS,1987-06-10
47,KLAC,1980-10-08
48,CHTR,2010-01-05
49,CSX,1980-11-03
50,PYPL,2015-07-06
51,MELI,2007-08-10
52,MAR,1998-03-23
53,WDAY,2012-10-12
54,ORLY,1993-04-23
55,ROP,1992-02-13
57,CTAS,1983-08-19
58,NXPI,2010-08-06
59,MNST,1985-12-09
60,TEAM,2015-12-09
61,LULU,2007-07-27
62,MRVL,2000-06-30
63,ODFL,1991-10-24
64,FTNT,2009-11-18
65,ADSK,1985-06-28
66,BIDU,2005-08-05
68,PCAR,1980-03-17
69,CPRT,1994-03-17
70,MCHP,1993-03-19
71,JD,2014-05-22
72,PAYX,1983-08-26
73,TTD,2016-09-21
74,SGEN,2001-03-09
75,ON,2000-05-02
76,EXC,1980-01-02
77,KDP,2008-05-07
79,ROST,1985-08-08
80,AEP,1980-01-02
81,KHC,2015-07-06
82,BIIB,1991-09-17
85,IBKR,2007-05-04
86,VRSK,2009-10-07
87,EA,1989-09-20
88,IDXX,1991-06-21
89,BKR,1987-04-06
90,FAST,1987-08-20
91,CTSH,1998-06-19
92,CSGP,1998-07-01
93,XEL,1980-01-02
96,ACGL,1995-09-14
98,DXCM,2005-04-14
100,FANG,2012-10-12
101,ARGX,2017-05-18
103,CDW,2013-06-27
104,HZNP,2011-07-28
105,CCEP,1986-11-24
107,ANSS,1996-06-20
108,MDB,2017-10-19
109,VOD,1988-11-02
110,WBD,2005-07-08
111,ZS,2018-03-16
112,SPLK,2012-04-19
113,NDAQ,2002-07-01
114,TTWO,1997-04-15
115,DLTR,1995-03-07
116,MPWR,2004-11-19
117,TROW,1986-04-02
118,EBAY,1998-09-24
120,WTW,2001-06-12
121,TCOM,2003-12-09
122,SBAC,1999-06-16
123,VRSN,1998-01-30
124,RYAAY,1997-05-29
125,TSCO,1994-02-17
126,GMAB,2009-06-01
127,WBA,1980-03-17
128,ALNY,2004-06-01
129,ILMN,2000-07-28
130,ALGN,2001-01-30
131,ICLR,1998-05-15
132,JBHT,1983-11-22
134,ULTA,2007-10-25
137,FCNCA,1986-10-22
139,SIRI,1994-09-13
141,STLD,1996-11-22
142,LPLA,2010-11-18
143,EXPD,1984-09-26
144,PTC,1989-12-08
145,BGNE,2016-02-03
146,ENPH,2012-03-30
147,PFG,2001-10-23
149,FITB,1980-03-17
150,HOLX,1990-03-01
151,AKAM,1999-10-29
153,BMRN,1999-07-26
154,AXON,2001-06-19
155,ERIE,1995-10-02
156,FSLR,2006-11-17
157,CINF,1980-03-17
158,NTAP,1995-11-21
159,CHKP,1996-06-28
161,SMCI,2007-03-29
162,SWKS,1984-09-07
163,COO,1983-01-21
164,TER,1980-01-02
165,ERIC,1981-08-24
166,WDC,1980-01-02
167,EXPE,2005-07-21
168,ENTG,2000-07-11
169,HBAN,1980-03-17
170,STX,2002-12-11
171,FWONK,2014-07-08
172,NTRS,1980-03-17
176,POOL,1995-10-13
177,LKQ,2003-10-06
178,OKTA,2017-04-07
179,UAL,2006-02-06
180,NDSN,1980-03-18
181,AZPN,1994-10-26
182,SSNC,2010-03-31
183,INCY,1993-11-04
184,MANH,1998-04-23
185,TRMB,1990-07-20
186,LNT,1980-01-02
187,LOGI,1997-03-27
188,CELH,2007-01-22
189,GLPI,2013-10-14
190,APA,1980-01-02
191,FLEX,1994-03-18
195,EXAS,2001-02-01
196,LBRDK,2014-11-05
198,HTHT,2010-03-26
199,HST,1980-03-17
200,VTRS,1980-03-17
201,EVRG,1980-01-02
202,GEN,1989-06-23
203,SAIA,2002-09-11
204,PCTY,2014-03-19
205,LSCC,1989-11-09
206,SRPT,1997-06-04
207,UTHR,1999-06-17
208,NBIX,1996-05-23
209,ZBRA,1991-08-15
210,TECH,1989-02-09
211,CG,2012-05-03
212,REG,1993-10-29
213,PAA,1998-11-18
214,WYNN,2002-10-25
215,ARCC,2004-10-05
216,LECO,1994-04-07
217,JKHY,1985-11-20
218,NICE,1996-01-25
219,MTCH,1993-01-19
220,CASY,1983-10-20
221,CHRW,1997-10-16
222,DBX,2018-03-23
223,MORN,2005-05-03
224,ROKU,2017-09-28
225,DOX,1998-06-19
226,OTEX,1996-01-24
227,HSIC,1995-11-03
228,CZR,2014-09-22
229,ESLT,1996-11-27
232,NTNX,2016-09-30
233,FFIV,1999-06-04
234,QRVO,2015-01-02
235,FIVE,2012-07-19
236,BRKR,2000-08-04
237,MKTX,2004-11-05
238,PODD,2007-05-15
239,TTEK,1991-12-17
240,RGEN,1986-04-29
243,WSC,2015-11-05
244,LAMR,1996-08-02
245,CHDN,1993-03-29
246,DOCU,2018-04-27
247,JAZZ,2007-06-01
249,ETSY,2015-04-16
250,NWSA,2013-06-19
252,AAL,2005-09-27
253,WWD,1994-04-04
255,OLED,1996-04-11
256,HAS,1980-03-17
258,SEIC,1981-03-25
259,Z,2015-08-03
261,GNTX,1981-12-22
262,MEDP,2016-08-11
264,EWBC,1999-02-03
265,PARA,2005-12-05
266,MAT,1980-01-02
267,IEP,1987-07-23
270,CAR,1983-09-14
271,RGLD,1981-06-09
272,ACHC,1994-03-04
273,CYBR,2014-09-24
274,YNDX,2011-05-24
277,SEDG,2015-03-26
281,CGNX,1989-07-20
282,CHRD,2010-06-17
283,EXEL,2000-04-17
286,IONS,1991-05-17
287,CHX,2018-04-27
288,LNW,1984-08-23
289,RMBS,1997-05-14
290,RETA,2016-05-26
291,APPF,2015-06-26
292,FSV,2015-06-02
293,XRAY,1987-08-12
294,MIDD,1987-08-10
295,HQY,2014-07-31
296,LSTR,1993-03-05
297,DSGX,1999-01-27
298,SPSC,2010-04-22
299,SIGI,1980-03-17
300,TXRH,2004-10-05
301,UFPI,1993-11-10
303,CBSH,1980-03-17
305,COKE,1980-01-02
307,MTSI,2012-03-15
308,DOOO,2013-08-07
309,LFUS,1992-09-22
310,QLYS,2012-09-28
311,AMKR,1998-05-01
312,BILI,2018-03-28
313,LSXMK,2016-04-18
314,OPCH,1996-08-15
315,PPC,1987-12-30
317,PTEN,1993-11-02
318,CACC,1992-06-05
320,MKSI,1999-03-30
321,ALTR,2017-11-01
322,AGNC,2008-05-15
323,ACLS,2000-07-11
324,ASND,2015-01-28
326,RCM,2017-03-16
327,ENSG,2007-11-09
328,NSIT,1995-01-24
330,NOVT,1999-03-24
332,WING,2015-06-12
333,IRDM,2008-03-20
334,CROX,2006-02-08
335,ZION,1980-03-17
337,PNFP,2000-08-22
339,APLS,2017-11-09
340,SSB,1997-01-28
341,BOKF,1991-09-05
342,ITCI,2014-01-07
343,FRHC,2018-02-07
345,EXLS,2006-10-20
346,NXST,2003-11-25
347,TENB,2018-07-26
348,WIX,2013-11-06
349,HALO,2004-03-16
350,OZK,1997-07-17
351,DRS,1985-06-24
352,BECN,2004-09-23
353,NTRA,2015-07-01
354,HLNE,2017-03-01
355,AAON,1992-12-16
356,LANC,1980-03-17
359,VNOM,2014-06-18
360,BPOP,1980-03-17
361,WTFC,1998-04-16
362,OLLI,2015-07-16
364,ALKS,1991-07-16
365,MSTR,1998-06-11
366,IQ,2018-03-29
367,EXPO,1990-08-17
368,FCFS,1991-06-10
370,CWST,1997-10-29
371,LNTH,2015-06-25
372,PLUG,1999-10-29
373,FIVN,2014-04-04
374,SFM,2013-08-01
375,POWI,1997-12-12
376,IPGP,2006-12-13
377,SBNY,2004-03-23
379,TWNK,2015-12-15
380,AVT,1980-01-02
381,COLM,1998-03-27
382,MMYT,2010-08-12
383,QDEL,1991-02-01
384,CIGI,1995-01-20
385,RRR,2016-04-27
388,VLY,1990-03-23
389,FIZZ,1991-09-13
390,LBTYK,2005-09-08
391,COLB,1992-06-16
393,ONB,1984-06-20
394,NWS,2013-06-19
395,MASI,2007-08-08
398,FELE,1980-03-17
400,IAC,1993-01-19
402,BCPC,1986-06-03
403,CRUS,1989-06-09
404,MLCO,2006-12-19
405,MRTX,2013-07-15
406,SRCL,1996-08-23
407,IPAR,1988-02-04
408,FOXF,2013-08-08
409,ESGR,1997-04-01
410,WEN,1980-05-06
411,VC,2010-10-05
412,AEIS,1995-11-17
413,SYNA,2002-01-29
416,BLKB,2004-07-26
417,ACAD,2004-05-27
418,EEFT,1997-03-07
419,DIOD,1980-01-02
420,UBSI,1987-06-04
421,SLAB,2000-03-24
422,COOP,2012-03-28
424,MMSI,1990-05-14
425,PCH,1980-03-17
428,INSM,2000-06-01
429,FTAI,2015-05-14
430,IMGN,1989-11-17
431,CRVL,1991-06-28
433,LOPE,2008-11-20
435,FFIN,1993-11-01
436,GT,1980-01-02
438,PEGA,1996-07-19
439,CRSP,2016-10-19
440,EVO,2004-02-05
441,VRRM,2017-03-24
442,VRNS,2014-02-28
443,SBRA,2002-04-02
444,BL,2016-10-28
445,TFSL,2007-04-23
449,NEOG,1989-08-23
450,CYTK,2004-04-30
451,SMPL,2017-07-10
452,OTTR,1980-01-02
453,EXTR,1999-04-09
455,BHF,2017-07-17
456,NVMI,2000-04-11
457,WIRE,1992-07-16
458,GH,2018-10-04
459,AXSM,2015-11-19
460,PAGP,2013-10-16
461,KRYS,2017-09-20
463,SANM,1993-04-14
464,IART,1995-08-16
466,CCOI,2002-02-05
467,HCM,2016-03-16
468,PENN,1994-05-26
469,HWC,1991-06-04
471,APPN,2017-05-25
472,SLM,1983-09-23
474,AZTA,1995-02-02
475,AMED,1994-08-17
476,UCBI,2002-03-21
477,UMBF,1980-03-17
478,RPD,2015-07-17
480,BGC,1999-12-10
481,NWE,2007-12-28
482,SGRY,2015-09-30
483,HLIO,1997-01-09
484,URBN,1993-11-09
485,MEOH,1992-05-19
486,CVLT,2006-09-22
487,ALRM,2015-06-26
488,WB,2014-04-17
489,JJSF,1986-02-04
490,BPMC,2015-04-30
491,ARLP,1999-08-17
492,FOLD,2007-05-31
493,VIRT,2015-04-16
496,ZD,1999-07-23
497,SGML,2018-07-03
499,CORT,2004-04-14
500,DNLI,2017-12-08
503,NWL,1980-03-17
504,PDCO,1992-10-28
505,CAMT,2000-07-28
506,LITE,2015-07-23
507,INDV,2014-12-29
508,TCBI,2003-08-13
509,BANF,1990-03-26
510,AVAV,2007-01-23
511,ARWR,1993-12-16
512,OMAB,2006-11-29
513,FRPT,2014-11-07
515,LBTYA,2004-06-03
516,CSWI,2015-09-30
517,DISH,1995-06-21
518,FORM,2003-06-12
519,WDFC,1980-01-02
521,ABCB,1994-05-19
522,IBOC,1995-08-30
523,MDGL,2007-02-06
527,ZG,2011-07-20
528,ITRI,1993-11-05
531,SSRM,1996-08-01
532,ICUI,1992-03-31
533,KLIC,1980-01-02
534,HELE,1980-01-02
536,GSHD,2018-04-27
537,PLXS,1986-02-05
538,MGEE,1980-03-17
540,RUN,2015-08-05
541,MGRC,1984-11-13
542,YY,2012-11-21
543,NTLA,2016-05-06
544,LIVN,2015-10-19
547,CATY,1990-12-14
548,RUSHA,2003-10-07
549,LSXMA,2016-04-18
550,FIBK,2010-03-24
551,HUBG,1996-03-13
552,GLNG,2003-07-15
553,VICR,1990-04-03
554,WERN,1986-06-20
555,IOSP,1998-05-13
556,TSEM,1994-10-26
557,IRTC,2016-10-20
558,DORM,1991-03-12
559,PRTA,2012-12-18
560,ICFI,2006-09-28
561,FTDR,2018-09-13
564,PSEC,2004-07-27
565,GBDC,2010-04-15
566,CALM,1996-12-12
567,SHOO,1993-12-13
569,PINC,2013-09-26
570,STRL,1991-07-12
571,TRMD,2018-02-23
572,ARCB,1992-05-13
577,RARE,2014-01-31
578,ZLAB,2017-09-20
581,GLPG,2012-02-27
582,FHB,2016-08-05
583,PRGS,1991-07-30
584,CVCO,2003-07-01
585,LAUR,2017-02-01
586,PSMT,1997-09-02
587,XRX,1980-01-02
588,EXPI,2018-02-07
590,CVBF,1983-04-04
591,MRCY,1998-01-30
592,AMPH,2014-06-25
593,ACIW,1995-02-24
594,NMIH,2013-11-08
595,GRFS,2011-06-02
596,XENE,2014-11-05
597,WSFS,1986-11-26
599,CSQ,2004-04-01
600,MYRG,2008-08-13
601,LGIH,2013-11-07
602,TRIP,2011-12-07
603,NAVI,2014-04-17
604,AMBA,2012-10-10
606,IDCC,1981-11-12
608,PZZA,1993-06-08
609,MGPI,1988-10-21
611,INDB,1986-05-14
613,KTOS,1999-11-05
614,AY,2014-06-13
616,HPK,2018-05-29
617,VSAT,1996-12-03
618,ROAD,2018-05-04
620,SFNC,1985-03-14
621,PPBI,1997-06-25
624,PRFT,1999-07-29
628,FULT,1985-09-03
629,VCTR,2018-02-08
630,SBLK,2007-12-03
631,PACB,2010-10-27
632,CARG,2017-10-12
633,OSIS,1997-10-02
634,BLMN,2012-08-08
635,RDNT,1997-01-03
636,HURN,2004-10-13
638,STRA,1996-07-25
639,GDS,2016-11-02
641,SNEX,1995-03-06
642,ROCK,1993-11-05
643,OMCL,2001-08-09
645,NTCT,1999-08-12
646,GTX,2018-09-17
647,STAA,1992-02-24
649,SIMO,2005-06-30
650,TBBK,2004-02-03
651,FFBC,1983-12-21
655,FWRD,1993-11-16
657,DVAX,2004-02-19
658,BATRK,2016-04-18
659,MLKN,1980-03-17
661,SBCF,1984-02-02
662,PLUS,1996-11-15
663,MXL,2010-03-24
665,VIAV,1993-11-17
667,THRM,1993-06-10
669,CMPR,2005-09-30
670,CRNX,2018-07-18
671,NWLI,1980-01-02
673,AGYS,1980-03-17
674,ATRC,2005-08-05
675,SKYW,1986-06-26
676,NVEE,2013-09-30
677,ANDE,1996-02-20
678,TOWN,1999-05-05
680,RIOT,2016-03-31
681,WAFD,1982-11-09
682,COHU,1980-03-17
684,LBRDA,2014-11-04
686,ODP,1988-06-01
687,CLBK,2018-04-23
689,FRME,1989-06-20
691,CSGS,1996-02-28
692,CRTO,2013-10-30
694,HEES,2006-01-31
696,CENTA,2007-02-06
699,GPRE,2006-03-15
700,VECO,1994-11-29
701,IBTX,2013-04-04
702,NXGN,1982-12-01
703,UPBD,1995-01-25
704,PATK,1980-03-17
705,GOGL,1997-02-07
706,MRTN,1986-09-25
708,RCKT,2015-02-18
709,TH,2018-03-12
710,NEO,2004-03-16
711,NBTB,1992-03-17
712,PTCT,2013-06-20
714,VCYT,2013-10-30
716,BANR,1995-11-01
717,JBLU,2002-04-12
718,ROIC,2009-11-03
719,SMTC,1980-03-17
720,IMKTA,1987-09-22
721,UPWK,2018-10-03
722,AMEH,2009-03-11
723,OCSL,2008-06-12
724,CAKE,1992-09-18
725,CBRL,1981-11-05
726,MDRX,1999-07-26
727,RNST,1992-04-24
728,DSGR,1980-03-17
729,VCEL,1997-02-04
730,GOGO,2013-06-21
731,SONO,2018-08-02
732,CSIQ,2006-11-09
734,WSBC,1987-05-08
735,NVCR,2015-10-01
736,ATSG,2003-07-23
738,SPNS,1998-03-05
741,IRWD,2010-02-03
742,GGAL,2000-07-25
745,TLRY,2018-07-19
746,PLAY,2014-10-10
747,FWONA,2013-01-10
749,CNXN,1998-03-03
750,PI,2016-07-21
754,SUPN,2012-05-01
756,EFSC,2003-07-15
758,CLMT,2006-01-26
759,CBAY,2014-02-03
760,TFIN,2014-11-07
762,RYTM,2017-10-09
763,CHCO,1987-06-26
764,WINA,1993-08-25
766,PCRX,2011-02-03
768,VRNT,2002-05-16
769,MARA,2012-05-04
770,CPRX,2006-11-08
771,VRTS,2009-01-02
772,ALGT,2006-12-08
773,MOMO,2014-12-11
777,ATEC,2006-06-12
779,TTMI,2000-09-25
780,NWBI,1994-11-07
781,PLAB,1987-03-10
782,TRMK,1980-03-17
784,ADUS,2009-10-28
786,IESC,1998-01-28
789,PERI,2006-01-31
790,NMFC,2011-05-20
792,HOLI,2005-08-31
793,AGIO,2013-07-24
795,JACK,1992-03-05
796,SABR,2014-04-17
797,HTLF,1999-01-04
798,UCTT,2004-03-25
800,HWKN,1980-03-18
801,CLDX,1986-05-15
802,CASH,1993-09-20
805,AMWD,1986-07-18
806,LKFN,1997-08-14
807,RILY,2007-08-13
808,VEON,1996-11-15
809,SVC,1995-08-17
811,SATS,2008-01-02
813,MRUS,2016-05-19
814,PDFS,2001-07-31
815,LILAK,2015-06-23
816,USLM,1980-03-17
817,KFRC,1995-08-15
818,MATW,1994-07-20
819,MYGN,1995-10-06
821,MCRI,1993-08-06
822,MBIN,2017-10-27
823,ACMR,2017-11-02
826,AVID,1993-03-12
827,HTLD,1986-11-05
828,SGH,2017-05-24
829,WABC,1980-03-17
831,ANIP,2000-05-05
833,UFPT,1993-12-17
834,MSEX,1980-01-02
835,SMMT,2015-03-05
836,SYBT,1993-03-24
837,STGW,1995-04-17
838,SCHL,1992-02-25
839,ERII,2008-07-02
841,PRDO,1998-01-29
842,FBNC,1987-04-30
843,AEHR,1997-08-15
845,JBSS,1991-12-04
846,UNIT,2015-04-20
848,ECPG,1999-07-09
851,SAGE,2014-07-18
852,BCRX,1994-03-04
854,HLIT,1995-05-23
855,DMLP,2003-02-03
856,XNCR,2013-12-03
859,KNSA,2018-05-25
860,KALU,2006-07-07
861,VKTX,2015-04-28
862,HCCI,2008-03-12
863,EYE,2017-10-27
864,BLDP,1995-11-08
865,SHEN,1999-04-26
867,GIII,1989-12-14
868,QQQX,2007-02-01
869,TTEC,1996-08-01
870,HOPE,1998-01-29
871,NKLA,2018-06-11
873,VRNA,2017-04-28
874,TNDM,2013-11-14
875,BUSE,1998-10-06
877,MNKD,2004-07-28
880,OPK,1995-11-02
881,TRUP,2014-07-18
882,AUPH,2014-09-03
883,TCBK,1993-04-20
884,NEXT,2015-06-16
885,NRC,2013-05-23
886,LMAT,2006-10-19
887,SRCE,1983-08-12
888,PLYA,2015-11-10
889,STBA,1992-04-21
892,TGTX,2010-05-03
893,IRBT,2005-11-09
894,NMRK,2017-12-15
895,ASTE,1986-06-18
896,OSW,2017-11-17
900,SAFT,2002-11-22
901,AHCO,2018-05-31
902,VBTX,2014-10-09
903,POWL,1980-03-17
905,OXLC,2011-01-21
906,TRS,2007-05-18
907,APOG,1980-01-02
908,SP,2004-06-02
909,HIMX,2006-03-31
910,CMCO,1996-02-23
912,MBUU,2014-01-31
914,SPWR,2005-11-17
915,OPRA,2018-07-27
916,GDEN,1999-01-04
918,AMSF,2005-11-18
920,MGNI,2014-04-02
921,FORTY,1997-10-20
923,LGND,1992-11-18
927,AVTA,1998-12-15
930,GSM,2009-07-30
932,PACW,2000-06-05
933,SASR,1994-04-07
935,PFBC,1999-08-19
936,PEBO,1993-02-10
938,HAIN,1994-01-20
939,ARCE,2018-09-26
940,GERN,1996-07-31
941,ADEA,2003-11-20
942,ARVN,2018-09-27
943,AVDL,1996-06-07
945,IOVA,2010-10-15
946,ANGI,2011-11-17
948,DGII,1989-10-06
949,PTGX,2016-08-11
950,WW,2001-11-15
952,RBCAA,1998-07-22
953,FBMS,2003-01-02
956,SBSI,1998-05-13
957,INVA,2004-10-05
958,ICHR,2016-12-09
959,REPL,2018-07-20
962,CSWC,1980-03-17
963,CLNE,2007-05-25
964,MFIC,2004-04-06
965,CHY,2003-05-29
966,ESTA,2018-07-19
967,VSEC,1982-10-22
968,IMOS,2003-07-03
970,IBRX,2015-07-28
971,SNDX,2016-03-02
972,DCPH,2017-09-28
973,RUSHB,1996-06-07
976,MOR,2018-04-19
977,EVBG,2016-09-16
979,OCFC,1996-07-03
981,TRNS,1980-01-02
982,MNRO,1991-07-30
983,QCRH,1993-10-06
984,SLRC,2010-02-09
986,BFC,2003-10-15
989,CCRN,2001-10-25
992,AOSL,2010-04-29
993,SCSC,1994-03-18
994,INFN,2007-06-07
995,SLP,1997-06-18
997,BRKL,1998-03-25
999,OFLX,2005-08-01
1000,LPRO,2018-03-26
1002,CHI,2002-06-27
1004,COGT,2018-03-29
1005,LBAI,1999-01-04
1006,SSYS,1994-10-21
1009,ICPT,2012-10-11
1010,COLL,2015-05-07
1011,GABC,1993-05-21
1013,SPTN,2000-08-02
1014,NYMT,2004-07-26
1015,WRLD,1991-11-26
1017,DCOM,1999-01-12
1019,NAAS,2017-10-20
1025,QTRX,2017-12-07
1027,KRNT,2015-04-02
1028,NSSC,1981-12-29
1029,TTGT,2007-05-17
1030,PRAA,2002-11-08
1031,RMR,2015-12-14
1032,VREX,2017-01-23
1034,RDUS,1993-11-16
1035,RVNC,2014-02-06
1036,SAVA,2000-07-14
1038,HCSG,1983-11-29
1039,FLGT,2016-09-29
1041,MDXG,2008-02-12
1042,PLPC,1999-04-28
1043,CNDT,2016-12-13
1046,ADMA,2013-10-17
1047,ARDX,2014-06-19
1049,ATRI,1980-03-18
1050,CRON,2018-02-27
1051,CGBD,2017-06-14
1053,CHEF,2011-07-28
1054,CRAI,1998-04-24
1055,NVAX,1995-12-05
1057,AMRK,2014-03-17
1059,RGNX,2015-09-17
1060,NNDM,2016-03-07
1062,RDFN,2017-07-28
1065,CNOB,1994-04-04
1066,RDWR,1999-09-30
1067,HSTM,2000-04-11
1071,OSTK,2002-05-30
1075,BIOX,2018-03-22
1076,KE,2014-11-03
1077,IIIV,2018-06-21
1078,PLL,2018-01-02
1081,THRY,2018-04-18
1082,FMBH,1999-03-16
1083,KURA,2015-09-16
1084,SCVL,1993-03-16
1086,SVA,2003-09-26
1087,SBGI,1995-06-07
1090,ULH,2005-02-11
1092,SWBI,1999-08-17
1093,CFFN,1999-04-01
1094,BBSI,1993-06-11
1095,CTBI,1987-12-29
1096,HCKT,1998-05-28
1100,PETQ,2017-07-21
1103,ARCT,2013-05-22
1104,LQDT,2006-02-27
1105,BRY,2018-07-18
1107,BLBD,2014-03-20
1108,TCPC,2012-04-04
1109,PFC,1993-07-20
1110,HDSN,1994-11-01
1111,TSAT,2005-07-27
1113,OSBC,1993-11-16
1115,CENX,1996-03-29
1119,ADTN,1994-08-10
1120,KELYA,1980-03-17
1122,ATEX,2015-02-03
1124,RPAY,2018-07-17
1127,EGBN,1999-07-14
1130,IMXI,2017-03-27
1132,DMRC,1999-12-02
1135,CYRX,2005-08-22
1136,TIPT,2010-10-15
1137,CVLG,1994-10-28
1139,ITRN,2005-09-28
1140,FCEL,1992-06-25
1141,HIBB,1996-10-11
1142,HFWA,1998-05-07
1144,HAYN,2007-03-21
1145,TITN,2007-12-13
1147,FCBC,1994-04-08
1148,CHUY,2012-07-24
1149,GSBC,1989-12-15
1154,CECO,1980-12-02
1157,KIDS,2017-10-13
1159,ZEUS,1994-03-10
1160,DXPE,1998-05-07
1162,LWLG,2006-05-16
1163,APPS,2006-07-06
1164,EDIT,2016-02-03
1165,CCB,2018-07-19
1166,MERC,1988-07-20
1168,CHSCO,2013-09-23
1169,FORR,1996-11-27
1170,MLAB,1984-02-29
1171,BROG,2018-07-13
1175,CENT,1992-07-15
1177,CLSK,2016-11-16
1178,SRRK,2018-05-25
1179,TILE,1983-04-14
1180,JRVR,2014-12-12
1181,COMM,2013-10-25
1183,MGIC,1991-08-30
1184,GLDD,2006-12-27
1185,WVE,2015-11-11
1186,ALPN,2015-06-17
1187,CRMT,1987-03-13
1189,JOUT,1987-10-09
1193,YORW,1999-05-03
1194,VRDN,2014-06-18
1195,HTBK,1998-07-20
1196,FRPH,1986-07-02
1197,ATNI,1991-11-14
1198,TVTX,2012-11-08
1199,CHSCL,2015-01-15
1200,AMAL,2018-08-09
1201,BLFS,1989-11-22
1203,HSII,1999-04-27
1204,BJRI,1996-10-09
1205,CDMO,1994-04-04
1207,TRST,1983-04-20
1208,BELFB,1998-07-10
1210,CTLP,1999-06-07
1211,LAND,2013-01-29
1212,AMCX,2011-06-16
1214,HROW,2007-09-28
1215,CASS,1996-07-02
1218,CCBG,1994-06-06
1219,IGIC,2018-04-10
1220,SHYF,1984-06-19
1221,RICK,1995-10-13
1222,SCWX,2016-04-21
1223,UVSP,1998-04-16
1224,QNST,2010-02-11
1226,CGC,2014-04-07
1227,ALLO,2018-10-11
1228,MBWM,1999-07-20
1232,ANAB,2017-01-26
1233,PAHC,2014-04-11
1235,HAFC,1994-04-06
1238,CCD,2015-03-27
1239,BBCP,2017-08-21
1241,HNRG,1994-04-06
1243,TBPH,2014-05-16
1244,CWCO,1995-01-25
1245,AVXL,2006-08-02
1246,MITK,1989-01-03
1247,ALNT,1980-10-20
1248,CHSCM,2014-09-10
1251,UFCS,1980-03-18
1253,CDLX,2018-02-09
1254,GOOD,2003-08-14
1255,DHC,2000-02-23
1257,BFST,2018-04-23
1258,DHIL,1996-06-06
1259,RGP,2000-12-15
1260,LYTS,1985-03-12
1261,MODV,2003-08-20
1264,CATC,1999-01-05
1265,IRMD,2014-07-16
1268,HBNC,2002-01-09
1269,FDUS,2011-06-21
1270,SMBC,1994-04-12
1271,GRVY,2005-02-08
1273,EOLS,2018-02-08
1274,PGC,1999-04-27
1275,PTSI,1986-09-10
1276,MSBI,2016-05-24
1278,EZPW,1991-08-27
1279,DENN,1998-01-08
1283,WASH,1987-06-08
1284,HONE,2016-06-30
1285,CRESY,1997-03-19
1286,FITBI,2013-12-06
1287,CEVA,2002-11-01
1290,LASR,2018-04-26
1291,FLWS,1999-08-03
1292,CVGW,2002-07-22
1293,KRNY,2005-02-24
1294,SVRA,2017-04-28
1295,LBC,2017-12-08
1297,OFIX,1992-04-24
1298,SSP,1988-06-30
1302,TROO,2008-04-09
1304,ZYME,2017-04-28
1305,METC,2017-02-03
1307,ATLC,1999-04-23
1314,DAKT,1994-02-10
1315,GPRO,2014-06-26
1316,SRDX,1998-03-04
1317,GAIN,2005-06-23
1321,ATRO,1980-03-17
1323,BOOM,1989-01-05
1324,FMNB,1999-01-04
1325,CHSCN,2014-03-06
1326,FANH,2007-11-01
1327,NFBK,2007-11-08
1328,CNSL,2005-07-22
1329,DJCO,1986-06-11
1330,RBBN,2000-05-25
1331,VNET,2011-04-21
1332,AMNB,1999-04-13
1334,BATRA,2016-04-18
1335,GCBC,1999-06-30
1336,THFF,1992-03-03
1337,HUT,2018-03-08
1338,AUTL,2018-06-22
1340,LQDA,2018-07-26
1341,CAC,1997-10-08
1343,SNBR,1998-12-04
1344,HRZN,2010-10-29
1345,URGN,2017-05-04
1347,MVIS,1996-08-27
1348,VTNR,1992-10-21
1349,CHRS,2014-11-06
1350,GLRE,2007-05-24
1351,ACRS,2015-10-06
1353,CLFD,1986-08-06
1355,OSUR,1986-11-17
1356,DGICA,2003-07-03
1357,SIGA,1997-09-10
1358,ARTNA,1994-04-28
1360,AGEN,2000-02-08
1362,ESQ,2017-06-27
1364,HIFS,1988-12-14
1366,OSPN,1998-05-21
1368,MCFT,2015-07-17
1369,AMSWA,1983-02-28
1372,CCNE,1994-04-04
1373,NVEC,1995-05-23
1377,IBCP,1985-09-04
1383,ESGRP,2018-06-20
1386,FNKO,2017-11-02
1394,SFIX,2017-11-17
1396,FFIC,1995-11-21
1397,GLAD,2002-08-02
1399,CHSCP,2003-03-24
1401,LIND,2013-07-03
1404,NCMI,2007-02-08
1405,TRVG,2016-12-16
1406,ACTG,2002-12-16
1408,SLNO,2014-11-13
1409,HTBI,2012-07-11
1412,SMBK,2003-10-07
1413,ALRS,2003-03-20
1415,GILT,1993-03-26
1418,VLGEA,1980-01-02
1419,QIWI,2013-05-03
1420,CBUS,2017-07-20
1423,CHW,2007-07-26
1427,FNGR,2017-08-01
1428,SHBI,2001-04-09
1430,BHRB,2003-10-07
1435,GRPN,2011-11-04
1436,MRNS,2014-07-31
1442,NEWT,2000-09-27
1443,STKL,1986-01-20
1444,NBN,1987-08-19
1447,EBTC,2005-02-14
1448,SMMF,2000-01-07
1449,NTGR,2003-07-31
1450,MPB,1997-12-04
1452,LMB,2014-08-08
1453,ABAT,2016-02-24
1460,ZUMZ,2005-05-06
1463,AVNW,1987-05-19
1464,AGNCN,2017-08-16
1465,DOMO,2018-06-29
1466,MOFG,2008-01-29
1467,LX,2017-12-21
1473,ORGO,2017-01-05
1474,MTRX,1990-09-26
1478,VYGR,2015-11-11
1481,GPP,2015-06-26
1484,ACIC,2007-11-07
1486,SENEA,1998-06-03
1489,ALDX,2014-05-02
1490,KALV,2015-04-09
1492,NATR,2009-06-25
1494,ALTO,2005-03-24
1501,SIFY,1999-10-19
1502,TAST,2006-12-15
1505,ABUS,2007-07-26
1506,SBT,2017-11-16
1508,RENB,2018-02-07
1509,LILA,2015-07-02
1510,AROW,1980-09-18
1512,MGNX,2013-10-10
1513,MTLS,2014-06-25
1515,VALU,1983-05-10
1516,MCBC,1998-05-20
1517,UTMD,1999-03-08
1519,SOHU,2000-07-12
1529,QURE,2014-02-05
1532,CSTR,2016-09-22
1534,PGEN,2013-08-08
1537,NWPX,1995-11-30
1540,INSE,2014-12-16
1544,PKOH,1980-01-02
1547,AAOI,2013-09-26
1548,PLCE,1997-09-19
1550,WHF,2012-12-06
1552,AMRN,1993-04-01
1553,BMRC,1999-12-23
1556,SPOK,2004-11-17
1558,PFIS,2002-06-05
1559,EGHT,1997-07-02
1561,CDNA,2014-07-17
1563,KNDI,2007-09-04
1566,FRBA,2010-10-15
1567,MVBF,2012-08-03
1568,LSEA,2018-06-29
1570,CPLP,2007-03-30
1572,EYPT,2005-01-27
1573,AUDC,1999-05-28
1574,LSAK,1999-04-19
1575,TRHC,2016-09-29
1577,ACNB,1994-04-04
1578,ZYXI,2004-02-25
1581,PANL,2013-12-19
1582,BLUE,2013-06-19
1583,KMDA,2013-05-31
1586,BSRR,1994-04-18
1587,RTC,2006-12-19
1589,CBNK,2018-09-26
1591,ITIC,1986-12-03
1593,LOCO,2014-07-25
1594,WLDN,2006-11-21
1597,RDVT,2018-03-27
1598,ANIK,1993-05-03
1601,ARAY,2007-02-08
1603,BWB,2018-03-14
1607,WLFC,1996-09-18
1609,AMLI,2016-03-09
1611,NATH,1993-02-26
1614,CZNC,1994-04-05
1620,FARO,1997-09-18
1622,BCAL,2005-11-10
1623,HBCP,2008-10-08
1624,RCEL,2012-05-14
1625,WTBA,1999-05-03
1626,ACGLO,2017-08-21
1627,LINC,2005-06-23
1632,CARE,2007-03-15
1633,BAND,2017-11-09
1636,POWW,2017-02-07
1637,NODK,2017-03-16
1638,LOVE,2018-06-27
1639,LMNR,2003-10-07
1640,FNLC,1999-07-14
1642,TCMD,2016-07-28
1645,NEGG,2010-04-22
1650,SLMBP,2005-07-11
1651,FBIZ,2005-11-09
1654,HA,1995-06-21
1655,ANGO,2004-06-01
1659,WEYS,1980-03-17
1661,JMSB,2017-03-02
1662,LXRX,2000-04-07
1664,FISI,1999-06-25
1665,OVID,2017-05-05
1667,LSXMB,2016-04-21
1668,MGTX,2018-06-08
1670,EVER,2018-06-28
1672,FDBC,1999-04-13
1673,CVGI,2004-08-09
1675,OBT,2003-10-15
1677,GEVO,2011-02-09
1681,DXLG,1987-06-02
1687,BKCC,2007-06-27
1688,VNDA,2006-04-12
1690,HIVE,2011-02-02
1697,FLIC,1987-01-12
1699,CIVB,1994-04-06
1702,EDAP,1997-08-01
1706,LFMD,2008-01-29
1707,SMTI,1994-04-07
1708,RBB,2017-07-26
1710,STRO,2018-09-27
1712,GRIN,2018-06-18
1713,PRTH,2016-12-06
1716,BCML,2005-11-10
1717,UNTY,1997-01-14
1719,DBVT,2014-10-22
1723,FMAO,2006-01-30
1725,ATXS,2015-06-25
1727,GWRS,2016-04-28
1729,EHTH,2006-10-20
1730,FSBW,2012-07-10
1732,YMAB,2018-09-21
1735,TTSH,2012-08-22
1736,ACIU,2016-09-23
1738,CMTL,1980-03-17
1740,CERS,1997-01-31
1742,GRTS,2018-09-28
1743,NRIM,1990-11-15
1744,PCYO,1994-04-13
1745,ESCA,1980-03-17
1747,ORRF,1999-05-13
1748,LPSN,2000-04-07
1749,WULF,1994-04-05
1750,NECB,2006-07-06
1751,WSBF,2005-10-05
1752,MHLD,2008-05-06
1754,MBCN,2003-02-27
1755,TSBK,1998-01-13
1756,CPSI,2002-05-21
1758,PLSE,2016-05-18
1759,LBTYB,2004-06-09
1762,SAMG,2013-06-27
1764,SFST,1999-10-28
1765,FRGI,2012-04-26
1766,PCB,2018-08-10
1767,LUNA,2006-06-05
1771,PBPB,2013-10-04
1772,REKR,2017-08-29
1773,LE,2014-03-20
1774,DSKE,2015-12-18
1777,STRS,1992-07-01
1778,TCX,1996-04-30
1781,FUND,1988-06-08
1785,XERS,2018-06-21
1787,PRTS,2007-02-09
1788,SCPH,2017-11-17
1789,YI,2018-09-12
1791,IMMR,1999-11-12
1795,OPI,2009-06-04
1796,MRAM,2016-10-07
1799,CZFS,1999-01-04
1800,ACB,2014-07-15
1801,ASRT,1997-12-03
1806,VOXX,1992-03-16
1807,LFCR,1996-02-15
1809,HQI,2003-10-07
1810,DLHC,1986-05-29
1811,CLAR,1998-05-27
1814,TUSK,2016-10-14
1815,VUZI,2010-04-05
1817,III,2007-02-12
1818,IMMP,2012-04-19
1821,NWFL,1998-03-04
1822,INOD,1993-08-10
1825,ASUR,1992-04-07
1826,VRA,2010-10-21
1829,FVCB,2015-05-06
1831,FSTR,1981-06-09
1832,CLMB,1995-07-18
1833,BSVN,2018-09-20
1835,PLBC,2002-12-11
1837,EBIX,1987-07-01
1840,HFFG,2017-09-07
1843,CELC,2017-09-20
1846,SMLR,2014-02-21
1847,BLNK,2009-12-21
1848,ENTA,2013-03-21
1849,OVLY,2003-10-15
1850,JSM,2003-12-30
1854,OCUL,2014-07-25
1855,FRST,2006-11-01
1857,HOFT,2002-06-27
1858,PNRG,1980-03-17
1859,SWKH,1999-09-23
1861,PKBK,2003-06-23
1862,GASS,2005-10-06
1863,CTRN,2005-05-18
1865,PETS,1999-04-26
1867,QIPT,2010-08-10
1868,SSTI,2017-06-07
1869,UONEK,2000-06-07
1878,AMSC,1991-12-12
1879,EGAN,1999-09-23
1880,CPSS,1992-10-22
1881,MESO,2010-01-20
1883,VSTM,2012-01-27
1887,CCLP,2011-06-15
1888,EGIO,2007-06-08
1890,CHMG,1999-01-04
1891,BWFG,2010-04-05
1896,CDZI,1989-01-03
1897,MCRB,2015-06-26
1898,ESEA,2006-05-05
1901,DLTH,2015-11-20
1903,CFFI,1998-05-07
1904,ALCO,1980-01-02
1906,TWIN,1980-03-17
1907,PDLB,2017-10-02
1908,BCBP,2003-10-15
1910,XOMA,1986-06-06
1913,BPRN,2017-05-31
1914,QRTEA,2006-05-10
1915,TRUE,2014-05-16
1916,TIO,2012-10-17
1917,CVCY,1999-03-08
1918,LGO,2010-04-26
1920,CVLY,1994-04-05
1921,FENC,2017-09-15
1923,ITI,1994-01-04
1926,RMNI,2015-08-28
1927,BZUN,2015-05-20
1934,TWOU,2014-03-28
1935,SCWO,1996-05-17
1936,CRMD,2010-05-13
1937,PMTS,2015-10-08
1940,HBIO,2001-03-19
1941,BTBT,2018-03-20
1942,PFMT,2012-08-10
1943,DNTH,2018-06-21
1952,PTMN,2006-12-12
1953,AXGN,1986-12-17
1954,SNFCA,1987-08-12
1955,CBAN,1998-04-02
1956,ALLK,2018-07-19
1957,GEOS,1997-11-21
1958,MACK,2012-03-29
1960,AKBA,2014-03-20
1963,JAKK,1996-05-02
1965,MRSN,2017-06-28
1966,INVE,1997-10-07
1970,FATE,2013-10-01
1973,OXSQ,2003-11-24
1974,SELB,2016-06-22
1977,RGCO,1994-02-01
1978,SPWH,2014-04-17
1979,CALB,2018-02-07
1986,EGRX,2014-02-12
1990,LOOP,2017-11-20
1992,BGFV,2002-06-25
1993,PFSW,1999-12-02
1995,ILPT,2018-01-12
1996,CTG,1980-03-25
1997,AMTX,2006-06-27
1999,MYFW,2018-07-19
2000,PCYG,1999-10-27
2002,ATOM,2016-08-08
2003,ZVRA,2015-04-16
2007,KLXE,2018-08-29
2011,RIGL,2000-11-29
2012,PVBC,2015-07-16
2016,ULBI,1992-12-23
2017,TREE,2008-08-12
2018,ESSA,2007-04-04
2019,ALYA,1996-09-27
2021,LTRX,2000-08-04
2029,LWAY,1988-12-29
2030,GRWG,2018-02-07
2033,WNEB,2002-05-02
2034,SEVN,2006-05-26
2036,SILC,1994-02-18
2042,KGEI,2010-01-05
2043,RCMT,1983-09-12
2045,MRCC,2012-10-25
2051,VRCA,2018-06-15
2052,LCNB,1999-10-26
2053,ATRA,2014-10-16
2055,MPAA,1994-03-23
2057,INBK,2006-04-05
2059,ADAP,2015-05-06
2061,FLL,1993-08-17
2062,OMER,2009-10-08
2063,RELL,1983-10-28
2066,HEAR,2010-11-15
2067,CRNT,2000-08-04
2070,MFIN,1996-05-23
2071,CNTY,1993-11-10
2076,PWOD,1994-06-02
2079,OFS,2012-11-08
2081,QRHC,2010-01-05
2082,UPLD,2014-11-06
2085,MNSB,2005-09-06
2086,XFOR,2017-11-16
2090,IFRX,2017-11-07
2093,ATLO,2000-02-15
2096,KPTI,2013-11-06
2097,CSTE,2012-03-22
2099,STKS,2014-06-27
2101,INO,1998-12-08
2108,PRPL,2015-10-29
2109,VABK,1999-05-04
2112,NKSH,1999-12-01
2114,ZIONO,2013-02-04
2117,ALT,2017-05-26
2118,PDSB,2015-09-30
2119,HURC,1980-08-27
2123,WMPN,2008-04-16
2124,KOPN,1992-04-15
2132,CDXS,2010-04-22
2134,OPRX,2007-11-28
2135,QUIK,1999-10-18
2137,OPBK,2005-08-08
2138,ISSC,2000-08-04
2141,AREC,2017-06-30
2144,ONCY,2001-10-05
2146,TOUR,2014-05-09
2147,CARM,2014-02-06
2148,FCUV,2014-11-17
2151,BSET,1980-03-17
2155,FCCO,1999-03-09
2158,PTRS,1999-07-15
2161,PESI,1992-12-08
2166,LAB,2011-02-10
2169,SGC,1980-01-02
2170,BCOV,2012-02-17
2171,WILC,1997-05-20
2176,OPTN,2017-10-13
2188,RDCM,1997-09-25
2190,SGA,1993-03-02
2201,FRAF,1994-04-06
2202,UBFO,1999-03-03
2210,EPIX,2015-03-13
2211,SHIP,2008-01-30
2212,LRMR,2014-06-19
2213,COFS,2001-06-21
2216,BANX,2013-11-07
2217,GALT,2002-09-04
2222,FNWB,2015-01-30
2223,FGBI,2012-08-13
2225,XBIT,2015-04-15
2226,NTIC,1992-03-27
2227,POET,2008-06-25
2230,VIRC,1980-03-18
2232,JYNT,2014-11-11
2233,NYMTN,2017-10-30
2236,PEBK,1985-10-16
2238,HMST,2012-02-10
2239,KRMD,1994-04-05
2240,YTRA,2016-12-19
2242,HGBL,1993-03-23
2243,FNCB,1999-10-26
2244,RVSB,1993-10-25
2249,OVBC,1994-11-04
2254,EPSN,2007-11-15
2255,FXNC,1999-01-14
2259,BVFL,2005-02-17
2260,CTXR,2014-10-02
2261,UNB,1999-08-09
2267,ZTEK,2012-04-02
2272,RRGB,2002-07-19
2274,FFNW,2007-10-10
2276,PBYI,2012-04-24
2277,HWBK,1999-07-20
2280,CLPT,2012-05-22
2285,CBFV,2003-10-07
2288,LAKE,1986-09-09
2289,XNET,2014-06-24
2293,EML,1980-03-17
2297,MRBK,2017-11-07
2299,BLRX,2011-07-27
2303,ASYS,1983-08-09
2307,FUNC,1992-09-03
2308,ISTR,2014-07-01
2312,FAT,2017-10-23
2314,BFIN,2005-06-28
2316,MNMD,2016-11-15
2317,LCUT,1991-06-05
2324,WTFCM,2015-06-24
2325,CWBC,1996-11-19
2329,OCGN,2014-12-03
2334,AXTI,1998-05-21
2335,HRTX,1987-08-26
2336,USAP,1994-12-14
2339,SSBI,2006-07-14
2343,ASPS,2009-08-06
2344,BETS,2015-06-04
2347,TPIC,2016-07-22
2349,INGN,2014-02-14
2351,SMID,1995-12-13
2354,MMAT,2010-11-08
2356,ABEO,1980-09-19
2357,CAAS,2003-03-24
2358,VXRT,1981-12-11
2361,SSSS,2011-04-28
2362,BELFA,1983-12-06
2363,SANG,2010-02-22
2366,PFIE,2010-03-10
2368,UEIC,1993-02-12
2369,BRAG,2018-03-27
2371,AADI,2018-02-16
2372,ANIX,1983-10-07
2376,NDLS,2013-06-28
2378,CFBK,1998-12-30
2379,RMBL,2017-02-02
2381,FSFG,2008-10-08
2384,LAZY,2018-03-20
2386,FLXS,1980-03-17
2388,ADVM,2014-07-31
2390,BPOPM,2008-11-19
2392,AQMS,2015-07-31
2393,BRID,1980-03-17
2398,NKTR,1994-05-03
2400,CDXC,2008-06-25
2401,FONR,1981-10-29
2402,CSPI,1982-01-29
2405,CPHC,2008-09-08
2414,MNOV,2006-12-08
2416,PRQR,2014-09-18
2424,AFBI,2017-04-28
2425,BEEM,2010-05-03
2429,HOVNP,2005-11-30
2431,CZWI,2004-03-30
2435,RLMD,2014-06-20
2444,AQST,2018-07-25
2447,MNTX,2005-02-15
2448,LARK,1994-03-28
2449,GMGI,2009-10-30
2450,KVHI,1996-04-02
2452,WKHS,2010-06-02
2454,MAYS,1984-12-13
2455,SFBC,2008-01-09
2456,PAYS,2007-10-10
2464,STRT,1995-02-23
2469,CMCT,1993-12-17
2471,EBMT,2000-04-06
2473,RCKY,1993-02-03
2474,LFVN,1994-04-07
2476,SENEB,1980-03-17
2477,ALOT,1981-10-01
2478,OCCI,2018-10-05
2479,FNWD,1998-05-20
2480,IVAC,1995-11-21
2484,MMLP,2002-11-01
2487,CUE,2018-01-02
2489,PCTI,1999-08-10
2492,WPRT,2008-08-15
2493,SND,2016-11-04
2494,FOSL,1993-04-08
2495,SBFG,1999-01-04
2496,ACNT,1980-03-17
2499,OPOF,1999-01-11
2501,VLYPO,2018-10-11
2508,PROV,1996-06-28
2511,LTRPB,2014-08-28
2513,SOTK,1999-04-26
2514,BTAI,2018-03-08
2515,CMLS,2018-08-07
2516,SGMO,2000-04-06
2517,FCAP,1999-01-04
2518,GNSS,1994-04-04
2519,KOD,2018-10-04
2521,CAPR,2007-02-13
2523,FTLF,2007-11-02
2527,CCLDP,2015-11-04
2528,CMRX,2013-04-11
2530,BNGO,2018-08-21
2531,VERI,2017-05-12
2534,ORMP,2007-05-01
2537,CRGE,2006-11-16
2542,LVO,2017-08-18
2544,AXDX,1994-04-07
2545,HMNF,1994-06-30
2546,CGO,2005-10-27
2549,ESPR,2013-06-26
2551,ATOS,2012-11-08
2552,VLYPP,2018-10-11
2554,BCTX,2012-03-14
2555,CDTX,2015-04-15
2557,APRN,2017-06-29
2561,NNBR,1994-03-15
2569,CSBR,2007-02-02
2571,ALLT,2006-11-16
2572,LIVE,2002-01-29
2579,ELVA,2010-01-05
2582,APEI,2007-11-09
2583,CONN,2003-11-25
2584,DMAC,2012-08-03
2586,GLYC,2014-01-10
2588,CTMX,2015-10-08
2595,LIFE,2015-05-07
2597,ACHV,1995-10-12
2600,PFX,2011-01-20
2610,TZOO,2002-08-28
2611,CLLS,2015-03-24
2613,VERU,1999-02-11
2616,OMEX,1999-10-26
2618,PWFL,1999-06-30
2619,MULN,2008-10-17
2621,DGICB,1986-10-29
2622,VTGN,2011-06-21
2626,WFCF,2006-11-15
2629,CULL,2009-10-12
2631,ESOA,2006-10-03
2632,CARA,2014-01-31
2634,SLNG,2007-05-16
2637,SMSI,1995-09-19
2639,PYR,2011-08-15
2640,NSPR,2011-04-12
2641,SCYX,2014-05-02
2642,TBNK,2009-07-13
2643,AUBN,1995-08-03
2646,PRPH,1994-04-04
2647,TAYD,1980-11-05
2651,TATT,1987-03-31
2654,CTSO,2006-08-08
2663,QUBT,2007-02-01
2664,NSTG,2013-06-26
2670,PXLW,2000-05-19
2672,GECC,2016-11-04
2673,OTLK,2016-06-14
2675,CBAT,2005-02-14
2676,CGEN,2000-08-11
2678,DRRX,2000-09-28
2679,DRIO,2016-03-14
2682,XAIR,2018-06-12
2684,FEIM,1980-06-18
2685,VIOT,2018-09-25
2686,CODA,2001-07-12
2687,AVRO,2018-06-21
2688,UXIN,2018-06-27
2690,CUTR,2004-03-31
2692,BWEN,2005-11-10
2694,CRVS,2016-03-23
2698,OCUP,2005-11-10
2700,OXLCM,2017-06-08
2701,UONE,1999-05-06
2703,LSBK,2006-04-05
2704,QRTEB,2006-05-10
2705,SURG,2018-01-17
2708,RSSS,2010-11-15
2710,ADES,2004-01-23
2714,KZR,2018-06-21
2716,NVNO,2018-05-31
2721,GAIA,1999-10-29
2726,SIEB,1980-03-18
2731,STCN,1994-01-25
2734,AFMD,2014-09-12
2735,MDWD,2014-03-20
2738,CENN,2012-09-25
2739,VBFC,1996-04-01
2744,TACT,1996-08-22
2745,INTG,1980-03-17
2747,PBHC,1995-11-16
2752,MGYR,2006-01-24
2755,TPCS,2007-12-27
2759,LEE,1980-03-17
2760,KELYB,1984-08-03
2764,NHTC,1995-06-22
2765,GIFI,1997-04-04
2773,AEYE,2013-04-26
2774,BYRN,2006-09-12
2775,EYEN,2018-01-25
2778,FGEN,2014-11-14
2780,FIXX,2018-03-28
2781,GEG,1999-06-11
2782,AIRT,1984-04-24
2786,CLGN,2018-01-31
2788,QMCO,1999-08-02
2789,UBCP,1993-03-02
2791,VIASP,2017-03-10
2797,SPRO,2017-11-02
2802,WRAP,2018-05-29
2805,LINK,2002-01-02
2807,DWSN,1994-04-05
2810,ACET,2018-01-26
2812,TTOO,2014-08-07
2813,GTHX,2017-05-17
2816,GSIT,2007-03-29
2817,SOLO,2018-08-09
2818,CIZN,1999-10-19
2821,RCAT,2002-01-16
2823,EVLO,2018-05-08
2826,PPSI,2013-05-03
2827,NOTV,1997-11-25
2828,LTBR,2005-01-03
2829,MCHX,2004-03-31
2830,RMTI,1998-01-27
2832,LPTH,1996-02-22
2833,HYMC,2018-03-12
2835,AKTS,2015-06-04
2836,SCOR,2007-06-27
2839,GGE,2008-03-24
2843,LRFC,2013-09-24
2844,SYRS,2016-06-30
2846,ARKR,1985-12-13
2848,IMUX,2014-04-17
2850,APCX,2013-06-04
2852,PPIH,1989-12-15
2853,IPWR,2013-11-22
2855,DYAI,2008-01-16
2856,CLSD,2016-06-02
2857,YHGJ,2003-05-29
2863,PDEX,1986-08-07
2864,ELTK,1997-01-22
2865,CASA,2017-12-15
2867,SELF,1997-02-07
2868,TPST,2012-11-12
2869,VTSI,2012-09-25
2873,KEQU,1980-03-17
2874,USIO,1999-02-22
2875,LOAN,1999-05-13
2876,ICMB,2014-02-06
2878,VIA,2014-07-29
2880,DZSI,2003-11-14
2882,VANI,2014-11-19
2883,AWH,2000-10-02
2885,HSON,2003-03-18
2889,HNNA,2005-03-09
2894,DCTH,2018-05-03
2898,CRDF,2004-07-27
2899,ICCH,2017-03-28
2901,VTVT,2015-07-30
2905,ZIONP,2007-01-05
2909,FUSB,1999-01-11
2919,RAIL,2005-04-06
2923,CXDO,2018-03-27
2924,IROQ,2011-07-08
2925,AGLE,2016-04-07
2926,MFH,2015-04-08
2929,HUGE,2018-06-08
2934,FARM,1980-03-17
2938,CVV,1999-03-01
2940,CRWS,2003-10-07
2941,INSG,2000-11-21
2942,KTCC,1983-06-22
2946,ICAD,1984-12-13
2948,BOTJ,2000-08-10
2952,PRTG,2002-01-02
2953,IRIX,1996-02-16
2955,DARE,2014-04-10
2956,MEIP,2003-12-18
2957,DMTK,2017-08-10
2960,ASRV,1985-01-30
2961,RDI,1983-12-13
2962,SNCR,2006-06-15
2963,SYPR,1994-05-18
2965,GLBS,2008-03-11
2966,STRM,1996-04-18
2968,BYFC,1996-01-09
2969,THTX,2009-02-13
2972,SLDB,2018-01-26
2974,SLGL,2018-02-01
2975,SCTL,2014-03-07
2979,DXR,1983-07-25
2981,EDRY,2018-06-01
2982,RWLK,2014-09-12
2984,PXS,2015-11-04
2985,HFBL,2007-06-20
2986,KFFB,2005-03-03
2989,WVVIP,2016-08-30
2992,OSS,2018-02-01
2995,CLIR,2012-04-25
2996,CHCI,2004-12-14
2997,NCNA,2017-09-28
2999,BYSI,2017-03-09
3004,GROW,1985-04-24
3006,IDN,1999-11-19
3007,TURN,1983-03-16
3009,SRTS,2016-07-26
3010,FBIOP,2017-11-14
3013,HHS,1993-11-04
3016,AHG,2017-11-03
3017,NERV,2014-07-01
3019,AGMH,2018-04-18
3021,CRVO,2008-05-23
3026,VEV,2016-03-31
3027,CPSH,1994-04-05
3033,ICCC,1987-05-05
3035,REFR,1986-07-08
3036,ASMB,2010-12-17
3038,JRSH,2018-05-04
3041,KA,2016-02-11
3044,CASI,1996-06-12
3045,CKPT,2016-12-19
3048,OESX,2007-12-19
3050,MNDO,2000-08-08
3051,NAII,1993-10-28
3052,NCSM,2017-04-28
3053,AAME,1980-03-17
3055,NXPL,1999-11-02
3056,CSSEP,2018-06-27
3058,GTEC,2018-08-08
3060,POCI,1992-01-16
3063,LPTX,2017-01-25
3064,MOGO,2017-05-16
3068,IZEA,2012-02-09
3069,FLNT,2007-12-28
3070,WHLRD,2017-07-21
3071,MTEM,2005-02-04
3076,BSQR,1999-10-21
3077,BSGM,2014-10-31
3078,DSWL,1995-07-19
3079,AIRG,2016-08-12
3082,TLF,1993-09-27
3091,GSMG,2018-09-12
3096,AACG,2008-01-29
3098,MESA,2018-08-10
3099,RAND,1980-03-17
3100,IPA,2002-01-07
3104,MATH,2017-10-20
3105,ELDN,2014-09-17
3107,FKWL,2007-08-03
3111,FTEK,1993-09-07
3112,LTRPA,2014-08-27
3113,NICK,1997-12-29
3114,GTIM,1992-07-09
3116,SANW,2010-06-14
3118,STIM,2018-06-28
3120,DAIO,1989-01-03
3121,USEG,1980-03-17
3122,ASLN,2018-05-04
3123,LUMO,2011-11-11
3127,SOHOB,2016-09-07
3128,EMKR,1997-03-06
3132,NLTX,2014-03-07
3133,CODX,2017-07-12
3137,RZLT,2013-01-14
3139,DUOT,2017-05-30
3142,PAVM,2016-07-27
3145,DLPN,2006-11-02
3147,ECOR,2018-06-22
3149,AGAE,2017-10-25
3153,MOXC,2014-04-10
3154,SOHOO,2017-10-10
3155,UG,1980-03-17
3156,SOHO,2004-12-17
3158,CPIX,2009-08-11
3159,UTSI,2000-03-03
3162,SLS,2008-03-12
3163,MRKR,2002-07-16
3168,WKSP,2001-06-21
3170,RFIL,1994-04-06
3171,KXIN,2017-11-06
3172,CRIS,2000-08-01
3173,IDEX,2007-05-23
3176,RAVE,1993-09-01
3177,VIRX,2005-09-27
3178,FBIO,2011-11-17
3179,ABIO,1997-08-08
3181,AWRE,1996-08-09
3183,BFI,2018-03-26
3184,PHXM,2017-10-26
3188,WVFC,1993-11-29
3190,RMCF,1986-02-11
3191,PATI,2015-02-02
3193,GREE,2000-07-19
3194,USAU,1980-03-17
3195,PIRS,2015-01-02
3198,WVVI,1994-09-14
3199,SNT,1993-03-23
3200,SEEL,1999-04-19
3201,LMNL,2014-05-29
3202,OCX,2015-12-30
3205,TXMD,2007-05-09
3207,PETV,2014-09-08
3209,BANFP,2004-03-16
3210,PNBK,1994-08-31
3213,CLRB,2005-11-10
3214,CRBP,2014-10-27
3218,GAME,2018-01-26
3220,APWC,2003-07-15
3222,KOSS,1980-03-17
3224,RDIB,2000-01-05
3225,BRFH,2012-05-14
3227,OPXS,2010-05-03
3229,TCRT,2005-08-24
3231,NRXP,2017-12-04
3232,BBGI,2000-02-11
3234,DTST,2012-03-14
3235,PSHG,2011-01-03
3236,ENLV,2014-07-31
3237,ACST,2012-02-07
3238,ORGS,2012-03-13
3240,PPBT,2015-11-20
3241,UBX,2018-05-03
3244,CUBA,1994-05-20
3247,RGLS,2012-10-09
3249,CLPS,2018-05-25
3251,EVTV,2017-06-15
3253,TEDU,2014-04-03
3255,FPAY,2010-04-05
3256,OPHC,2003-06-23
3257,XELA,2015-03-09
3258,ALAR,2018-08-17
3259,SIEN,2014-10-29
3261,MCVT,2010-03-09
3262,GLG,2013-08-13
3263,NEON,1989-01-09
3266,EQ,2018-10-12
3270,MINDP,2016-06-14
3272,NSYS,1993-06-11
3274,PLUR,2003-06-30
3275,NTWK,1998-09-25
3276,FBRX,2017-04-13
3277,SPI,2016-01-20
3278,AVTX,2015-10-14
3280,TAIT,1995-04-19
3286,PHUN,2016-10-28
3287,KALA,2017-07-20
3291,INDP,2015-08-04
3292,PFIN,1983-06-24
3294,IPDN,2013-03-05
3295,KIRK,2002-07-30
3296,FRSX,2017-06-15
3298,EVGN,2010-10-15
3300,NMTC,2018-03-15
3304,CYTH,2000-05-03
3306,WHLM,1996-07-30
3310,SGRP,1996-03-01
3311,ZKIN,2017-09-01
3312,SSKN,2005-11-03
3314,SYBX,2015-09-30
3315,MDNA,2017-11-13
3319,LIQT,2011-08-31
3320,ICLK,2017-12-21
3322,TRIB,1992-10-21
3323,ENTX,2018-06-28
3324,MYMD,2014-01-23
3326,BOSC,1996-04-02
3327,GNPX,2018-03-29
3328,SALM,1999-07-01
3330,XELB,2012-10-02
3332,CHEK,2015-03-04
3335,HEPA,2014-02-10
3336,SEED,2004-03-29
3338,COCP,2012-02-22
3341,SSNT,2012-04-17
3342,OCC,1996-04-02
3343,TSRI,1980-01-02
3344,KINS,1999-10-26
3345,PMCB,2013-01-02
3346,CCLD,2014-07-23
3347,SUNW,2010-03-10
3349,SFE,1980-03-17
3351,BTCY,2018-02-16
3352,HOFV,2018-03-13
3354,ACER,2004-04-14
3357,DOGZ,2017-12-19
3358,NEPH,2004-09-21
3359,TARA,2014-10-22
3361,MTEX,1999-02-16
3362,TOMZ,2008-06-20
3363,NRBO,2016-08-05
3364,GURE,2006-10-23
3365,CLRO,1989-03-03
3367,AKTX,2014-01-06
3369,GLBZ,1999-11-10
3370,KZIA,1999-01-06
3371,ONCT,2004-02-03
3374,PALT,2006-11-02
3375,RETO,2017-11-29
3376,AYTU,2008-09-25
3377,SGMA,1994-02-09
3378,CREX,2006-11-27
3379,CTHR,1997-11-14
3380,BOXL,2017-11-30
3385,COSM,2010-07-23
3386,RVYL,2010-04-05
3388,LSTA,1999-03-01
3389,SOBR,2009-04-03
3390,AQB,2017-01-10
3391,JCTCF,1996-04-12
3396,PMN,2007-01-10
3397,ASTC,1995-12-21
3398,VIVK,2009-09-03
3401,POAI,2010-05-03
3402,CBIO,2006-04-12
3404,MBOT,1992-03-25
3405,CANB,2012-08-03
3407,PMD,1987-01-22
3408,GIGM,2000-02-18
3411,APTO,1992-03-16
3415,JG,2018-07-26
3416,VBLT,2014-10-01
3419,ANY,2013-08-12
3423,GYRO,1995-08-18
3425,FTFT,2008-06-11
3426,CNVS,2003-11-10
3427,LPCN,2013-10-22
3428,EDSA,2010-06-21
3429,STRR,2004-06-10
3430,MBIO,2017-08-22
3434,ALPP,2017-01-13
3435,APDN,2003-07-15
3436,FGF,2014-04-01
3437,CNFR,2015-08-13
3440,ONTX,2013-07-25
3445,ELSE,1981-06-09
3447,GENE,2005-09-06
3452,CHNR,1995-08-07
3456,BTCS,2010-11-15
3464,FGFPP,2018-03-22
3465,ACOR,2006-02-10
3466,NCTY,2004-12-15
3467,VCNX,2018-08-09
3468,POLA,2016-12-07
3469,ENG,1995-01-20
3470,VBIV,2010-04-26
3471,BMRA,1984-09-07
3473,DOMH,1980-03-18
3475,TOPS,2004-08-02
3476,IVDA,2009-10-12
3479,PETZ,2017-09-21
3481,XXII,2011-01-26
3484,RCON,2009-07-30
3486,MBRX,2016-06-02
3487,VERO,2017-10-12
3489,EIGR,2014-01-30
3490,BRQS,2015-11-05
3491,EKSO,2014-01-17
3498,VRME,2000-12-05
3499,ACRX,2011-02-11
3500,VJET,2013-10-18
3505,ELOX,1999-04-26
3508,INPX,2012-08-03
3510,PIXY,2017-06-30
3511,ONVO,2012-02-14
3514,MIGI,2012-02-22
3518,ERNA,1991-08-29
3521,ARAV,2014-03-21
3526,MARK,2003-06-10
3531,MARPS,1980-03-17
3533,CSSE,2017-08-18
3536,TNXP,2012-05-10
3539,BRTX,2012-12-05
3540,ARTW,1980-03-17
3542,IMRN,2017-06-09
3544,CREG,2004-12-22
3545,AYRO,2003-10-07
3546,GTBP,2018-03-27
3549,CLWT,1997-03-14
3551,ITRM,2018-05-25
3553,ATHE,2003-09-29
3558,IMNN,1999-03-01
3559,SGLY,2008-05-21
3561,LDWY,1991-06-25
3562,CAMP,1983-12-13
3565,BCDA,1996-11-13
3568,DXYN,1986-11-25
3569,OLB,2012-08-22
3570,VYNE,2018-01-25
3572,PRPO,2017-06-30
3573,MDVL,2010-05-03
3574,CARV,1994-10-25
3576,GWAV,2015-04-09
3580,ANTE,2007-11-07
3581,FAMI,2018-02-16
3584,EDUC,1980-03-18
3585,OXBR,2014-03-27
3589,NISN,2016-12-27
3590,ZIVO,2003-12-15
3591,PEGY,1981-11-18
3593,HIHO,1996-12-11
3597,AEZS,2000-05-10
3598,ALBT,2018-03-27
3599,XWEL,2010-07-27
3601,SGBX,2017-06-22
3604,MRIN,2013-03-22
3605,LEDS,2010-12-09
3606,BNTC,2014-06-24
3610,ISUN,2016-04-26
3613,WATT,2014-03-28
3614,EFOI,1994-08-18
3615,BLBX,2016-08-01
3616,VISL,2012-04-18
3617,OPGN,2015-05-05
3619,DTSS,2018-03-05
3620,MEDS,2014-02-06
3622,PCSA,2014-03-07
3623,OMQS,2011-03-18
3625,CJJD,2009-10-01
3628,TENX,1994-04-04
3629,NMRD,2018-02-05
3632,SCKT,1999-04-26
3633,TRVN,2014-01-31
3634,BLIN,2007-06-29
3635,GDC,2015-12-29
3636,FORD,1994-11-17
3637,NDRA,2017-06-30
3641,PULM,2014-03-21
3643,GRNQ,2018-06-13
3644,CWBR,2017-12-15
3647,SECO,2017-09-22
3650,BCLI,2003-10-07
3651,CELZ,2015-11-06
3655,INTZ,1992-05-21
3658,WINT,1995-08-07
3659,CNET,2009-08-14
3662,JXJT,2013-03-07
3665,JAGX,2015-05-12
3667,TTNP,1996-01-18
3668,BIMI,2006-10-18
3669,SOFO,1998-06-01
3672,SLNH,1981-04-10
3673,MIND,1994-12-19
3674,DGLY,2007-05-16
3675,XCUR,2018-05-22
3680,FUV,2017-09-21
3682,KTRA,2013-02-22
3685,SISI,2016-09-28
3686,XBIO,2016-06-30
3687,LMFA,2015-12-17
3688,MDGS,2015-08-05
3690,WAVD,1994-04-06
3691,FRTX,1993-03-10
3692,LIXT,2007-10-25
3695,ADD,2008-11-11
3696,TCON,2015-01-30
3700,CYCC,2004-03-16
3702,AEY,1996-05-30
3703,DMK,1995-08-14
3705,ALRN,2017-06-29
3706,SNGX,1994-04-04
3711,TANH,2015-03-24
3712,NURO,2004-07-22
3715,ATXG,2018-03-06
3719,GCTK,2013-04-25
3720,FWBI,2016-10-11
3721,PALI,2007-03-30
3725,CEAD,2014-03-17
3726,AVGR,2015-01-30
3729,NXTP,2015-07-01
3730,CYAN,1991-05-21
3732,WHLRP,2015-01-29
3733,CETX,2015-06-25
3736,GVP,1995-07-27
3740,ATXI,2017-06-27
3741,BKYI,1997-02-21
3743,AEHL,2007-12-17
3744,BLPH,2015-02-13
3748,SPCB,2005-02-17
3749,QLGN,2015-06-23
3750,SBET,1997-05-21
3751,ENVB,2015-05-04
3753,KPRX,2015-02-13
3754,BPTH,2008-03-04
3757,HSDT,2014-06-27
3760,VVPR,2015-05-27
3761,CYCCP,2005-11-30
3762,GMBL,2017-07-20
3763,APVO,2016-07-20
3768,RSLS,2016-10-06
3771,EVOK,2013-09-25
3772,XTLB,2005-09-01
3776,SONN,2006-10-31
3778,JVA,2005-05-03
3779,CUEN,2008-10-27
3781,IMTE,2017-08-11
3783,PRSO,2001-07-17
3786,QNRX,2016-08-01
3787,SVFD,2010-11-12
3789,MICS,1994-11-11
3790,TAOP,2006-09-22
3791,PHIO,2012-05-10
3792,SNOA,2007-01-25
3793,OTRK,2003-12-15
3795,ENSC,2018-03-14
3797,AEMD,1999-03-04
3800,STAF,2013-03-27
3801,HALL,1989-09-18
3807,ADIL,2018-07-27
3808,SCNI,2015-05-11
3809,PSTV,2001-07-11
3810,VS,2012-08-13
3811,NVFY,2011-10-17
3812,ABVC,2004-11-10
3813,NCPL,2006-06-05
3814,RKDA,2015-05-15
3817,AGRX,2014-05-23
3818,ATNF,2017-06-27
3822,SINT,2014-02-13
3824,NVIV,2010-11-15
3828,AIHS,2018-03-19
3830,ASPU,2012-03-29
3832,WTER,2013-11-06
3834,PBLA,2017-01-03
3835,MOTS,2018-02-14
3840,VERB,2014-11-21
3841,THMO,1987-06-05
3843,WISA,2018-07-27
3845,ATHX,2007-06-12
3846,BIOC,2014-02-05
3848,CFRX,2014-09-12
3849,LGMK,2013-08-23
3850,BDRX,2015-12-07
3852,SLRX,2015-01-29
3853,RIBT,2003-10-01
3856,DYNT,1983-12-01
3857,CETXP,2017-02-17
3859,WORX,2016-10-06
3861,CYTO,2014-08-06
3863,RDHL,2013-01-07
3864,COMS,2008-08-15
3865,YTEN,2006-11-10
3866,NAOV,2015-05-28
3867,INM,2014-05-05
3868,EAST,2017-01-03
3871,MINM,2009-10-07
3872,KERN,2018-02-26
3876,JAN,1991-11-07
3877,NUWE,2012-02-16
3879,NBSE,2004-05-28
3880,MOBQ,2007-05-01
3881,BNMV,2010-02-16
3882,BIOL,1992-11-12
3883,MYSZ,2016-08-09
3885,GROM,2017-09-14
3886,GLMD,2014-03-13
3887,RCRT,2012-09-25
3892,SVVC,2011-04-28
3895,IONM,2018-03-02
3896,SASI,2010-10-14
3897,OBLG,1995-06-19
3901,FRGT,2017-08-08
3905,SNES,2016-12-08
3906,WHLR,2012-11-19
3907,NEPT,2007-08-13
3914,BHFAL,2018-09-14
